,Product Name,Price,Image,Discount,Delivery
0,,,,,
1,Honky Tonky,₹295,https://rukminim2.flixcart.com/image/612/612/xif0q/dress/k/1/0/xl-6084-sheetal-associates-original-imagm86ekphn94e2.jpeg?q=70,85% off,Free delivery
2,Sheetal Associates,₹293,https://rukminim2.flixcart.com/image/612/612/xif0q/dress/x/x/u/m-dr11491-sheetal-associates-original-imah3rbhh3p34gfj.jpeg?q=70,78% off,Free delivery
3,Tokyo Talkies,₹464,https://rukminim2.flixcart.com/image/612/612/xif0q/dress/h/x/c/xl-ttj6012084-tokyo-talkies-original-imah724nvffcdhgg.jpeg?q=70,76% off,Free delivery
4,Honky Tonky,₹290,https://rukminim2.flixcart.com/image/612/612/xif0q/dress/b/j/n/xxl-dr11275-sheetal-associates-original-imah2xccygcgjyvv.jpeg?q=70,78% off,Free delivery
5,ZWERLON,₹275,https://rukminim2.flixcart.com/image/612/612/xif0q/dress/u/k/v/s-1001-new-d-zwerlon-original-imah2qgw95hrshvj.jpeg?q=70,86% off,Free delivery
6,ZWERLON,₹381,https://rukminim2.flixcart.com/image/612/612/xif0q/dress/g/u/m/l-a1-zwerlon-original-imah726uqh4fg2ps.jpeg?q=70,80% off,Free delivery
7,Sheetal Associates,₹292,https://rukminim2.flixcart.com/image/612/612/xif0q/dress/c/9/7/s-11774-sheetal-associates-original-imah9m56pyhw4bk6.jpeg?q=70,78% off,Free delivery
8,AAYU,₹395,https://rukminim2.flixcart.com/image/612/612/kvpklu80/dress/r/3/4/s-aa-0119-mauve-boho-long-dress-aayu-original-imag8k648mcxpeud.jpeg?q=70,64% off,Free delivery
9,FKUBE,₹448,https://rukminim2.flixcart.com/image/612/612/l4zxn680/dress/q/6/x/xl-1205nd-nuevosdamas-original-imagfrnfbrydahhj.jpeg?q=70,77% off,Free delivery
10,Sheetal Associates,₹293,https://rukminim2.flixcart.com/image/612/612/xif0q/dress/x/e/9/xl-11777-honky-tonky-original-imah7jm2v6rmgpda.jpeg?q=70,78% off,Free delivery
11,,,,,
12,,,,,
13,,,,,
14,Honky Tonky,₹295,https://rukminim2.flixcart.com/image/612/612/xif0q/dress/k/1/0/xl-6084-sheetal-associates-original-imagm86ekphn94e2.jpeg?q=70,85% off,Free delivery
15,Sheetal Associates,₹293,https://rukminim2.flixcart.com/image/612/612/xif0q/dress/x/x/u/m-dr11491-sheetal-associates-original-imah3rbhh3p34gfj.jpeg?q=70,78% off,Free delivery
16,Tokyo Talkies,₹464,https://rukminim2.flixcart.com/image/612/612/xif0q/dress/h/x/c/xl-ttj6012084-tokyo-talkies-original-imah724nvffcdhgg.jpeg?q=70,76% off,Free delivery
17,Honky Tonky,₹290,https://rukminim2.flixcart.com/image/612/612/xif0q/dress/b/j/n/xxl-dr11275-sheetal-associates-original-imah2xccygcgjyvv.jpeg?q=70,78% off,Free delivery
18,ZWERLON,₹275,https://rukminim2.flixcart.com/image/612/612/xif0q/dress/u/k/v/s-1001-new-d-zwerlon-original-imah2qgw95hrshvj.jpeg?q=70,86% off,Free delivery
19,ZWERLON,₹381,https://rukminim2.flixcart.com/image/612/612/xif0q/dress/g/u/m/l-a1-zwerlon-original-imah726uqh4fg2ps.jpeg?q=70,80% off,Free delivery
20,Sheetal Associates,₹292,https://rukminim2.flixcart.com/image/612/612/xif0q/dress/c/9/7/s-11774-sheetal-associates-original-imah9m56pyhw4bk6.jpeg?q=70,78% off,Free delivery
21,AAYU,₹395,https://rukminim2.flixcart.com/image/612/612/kvpklu80/dress/r/3/4/s-aa-0119-mauve-boho-long-dress-aayu-original-imag8k648mcxpeud.jpeg?q=70,64% off,Free delivery
22,FKUBE,₹448,https://rukminim2.flixcart.com/image/612/612/l4zxn680/dress/q/6/x/xl-1205nd-nuevosdamas-original-imagfrnfbrydahhj.jpeg?q=70,77% off,Free delivery
23,Sheetal Associates,₹293,https://rukminim2.flixcart.com/image/612/612/xif0q/dress/x/e/9/xl-11777-honky-tonky-original-imah7jm2v6rmgpda.jpeg?q=70,78% off,Free delivery
24,,,,,
25,,,,,
26,,,,,
27,Honky Tonky,₹295,https://rukminim2.flixcart.com/image/612/612/xif0q/dress/k/1/0/xl-6084-sheetal-associates-original-imagm86ekphn94e2.jpeg?q=70,85% off,Free delivery
28,Sheetal Associates,₹293,https://rukminim2.flixcart.com/image/612/612/xif0q/dress/x/x/u/m-dr11491-sheetal-associates-original-imah3rbhh3p34gfj.jpeg?q=70,78% off,Free delivery
29,Tokyo Talkies,₹464,https://rukminim2.flixcart.com/image/612/612/xif0q/dress/h/x/c/xl-ttj6012084-tokyo-talkies-original-imah724nvffcdhgg.jpeg?q=70,76% off,Free delivery
30,Honky Tonky,₹290,https://rukminim2.flixcart.com/image/612/612/xif0q/dress/b/j/n/xxl-dr11275-sheetal-associates-original-imah2xccygcgjyvv.jpeg?q=70,78% off,Free delivery
31,ZWERLON,₹275,https://rukminim2.flixcart.com/image/612/612/xif0q/dress/u/k/v/s-1001-new-d-zwerlon-original-imah2qgw95hrshvj.jpeg?q=70,86% off,Free delivery
32,ZWERLON,₹381,https://rukminim2.flixcart.com/image/612/612/xif0q/dress/g/u/m/l-a1-zwerlon-original-imah726uqh4fg2ps.jpeg?q=70,80% off,Free delivery
33,Sheetal Associates,₹292,https://rukminim2.flixcart.com/image/612/612/xif0q/dress/c/9/7/s-11774-sheetal-associates-original-imah9m56pyhw4bk6.jpeg?q=70,78% off,Free delivery
34,AAYU,₹395,https://rukminim2.flixcart.com/image/612/612/kvpklu80/dress/r/3/4/s-aa-0119-mauve-boho-long-dress-aayu-original-imag8k648mcxpeud.jpeg?q=70,64% off,Free delivery
35,FKUBE,₹448,https://rukminim2.flixcart.com/image/612/612/l4zxn680/dress/q/6/x/xl-1205nd-nuevosdamas-original-imagfrnfbrydahhj.jpeg?q=70,77% off,Free delivery
36,Sheetal Associates,₹293,https://rukminim2.flixcart.com/image/612/612/xif0q/dress/x/e/9/xl-11777-honky-tonky-original-imah7jm2v6rmgpda.jpeg?q=70,78% off,Free delivery
37,,,,,
38,,,,,
39,,,,,
40,Honky Tonky,₹295,https://rukminim2.flixcart.com/image/612/612/xif0q/dress/k/1/0/xl-6084-sheetal-associates-original-imagm86ekphn94e2.jpeg?q=70,85% off,Free delivery
41,Sheetal Associates,₹293,https://rukminim2.flixcart.com/image/612/612/xif0q/dress/x/x/u/m-dr11491-sheetal-associates-original-imah3rbhh3p34gfj.jpeg?q=70,78% off,Free delivery
42,Tokyo Talkies,₹464,https://rukminim2.flixcart.com/image/612/612/xif0q/dress/h/x/c/xl-ttj6012084-tokyo-talkies-original-imah724nvffcdhgg.jpeg?q=70,76% off,Free delivery
43,Honky Tonky,₹290,https://rukminim2.flixcart.com/image/612/612/xif0q/dress/b/j/n/xxl-dr11275-sheetal-associates-original-imah2xccygcgjyvv.jpeg?q=70,78% off,Free delivery
44,ZWERLON,₹275,https://rukminim2.flixcart.com/image/612/612/xif0q/dress/u/k/v/s-1001-new-d-zwerlon-original-imah2qgw95hrshvj.jpeg?q=70,86% off,Free delivery
45,ZWERLON,₹381,https://rukminim2.flixcart.com/image/612/612/xif0q/dress/g/u/m/l-a1-zwerlon-original-imah726uqh4fg2ps.jpeg?q=70,80% off,Free delivery
46,Sheetal Associates,₹292,https://rukminim2.flixcart.com/image/612/612/xif0q/dress/c/9/7/s-11774-sheetal-associates-original-imah9m56pyhw4bk6.jpeg?q=70,78% off,Free delivery
47,AAYU,₹395,https://rukminim2.flixcart.com/image/612/612/kvpklu80/dress/r/3/4/s-aa-0119-mauve-boho-long-dress-aayu-original-imag8k648mcxpeud.jpeg?q=70,64% off,Free delivery
48,FKUBE,₹448,https://rukminim2.flixcart.com/image/612/612/l4zxn680/dress/q/6/x/xl-1205nd-nuevosdamas-original-imagfrnfbrydahhj.jpeg?q=70,77% off,Free delivery
49,Sheetal Associates,₹293,https://rukminim2.flixcart.com/image/612/612/xif0q/dress/x/e/9/xl-11777-honky-tonky-original-imah7jm2v6rmgpda.jpeg?q=70,78% off,Free delivery
50,,,,,
51,,,,,
52,,,,,
53,Honky Tonky,₹295,https://rukminim2.flixcart.com/image/612/612/xif0q/dress/k/1/0/xl-6084-sheetal-associates-original-imagm86ekphn94e2.jpeg?q=70,85% off,Free delivery
54,Sheetal Associates,₹293,https://rukminim2.flixcart.com/image/612/612/xif0q/dress/x/x/u/m-dr11491-sheetal-associates-original-imah3rbhh3p34gfj.jpeg?q=70,78% off,Free delivery
55,Tokyo Talkies,₹464,https://rukminim2.flixcart.com/image/612/612/xif0q/dress/h/x/c/xl-ttj6012084-tokyo-talkies-original-imah724nvffcdhgg.jpeg?q=70,76% off,Free delivery
56,Honky Tonky,₹290,https://rukminim2.flixcart.com/image/612/612/xif0q/dress/b/j/n/xxl-dr11275-sheetal-associates-original-imah2xccygcgjyvv.jpeg?q=70,78% off,Free delivery
57,ZWERLON,₹275,https://rukminim2.flixcart.com/image/612/612/xif0q/dress/u/k/v/s-1001-new-d-zwerlon-original-imah2qgw95hrshvj.jpeg?q=70,86% off,Free delivery
58,ZWERLON,₹381,https://rukminim2.flixcart.com/image/612/612/xif0q/dress/g/u/m/l-a1-zwerlon-original-imah726uqh4fg2ps.jpeg?q=70,80% off,Free delivery
59,Sheetal Associates,₹292,https://rukminim2.flixcart.com/image/612/612/xif0q/dress/c/9/7/s-11774-sheetal-associates-original-imah9m56pyhw4bk6.jpeg?q=70,78% off,Free delivery
60,AAYU,₹395,https://rukminim2.flixcart.com/image/612/612/kvpklu80/dress/r/3/4/s-aa-0119-mauve-boho-long-dress-aayu-original-imag8k648mcxpeud.jpeg?q=70,64% off,Free delivery
61,FKUBE,₹448,https://rukminim2.flixcart.com/image/612/612/l4zxn680/dress/q/6/x/xl-1205nd-nuevosdamas-original-imagfrnfbrydahhj.jpeg?q=70,77% off,Free delivery
62,Sheetal Associates,₹293,https://rukminim2.flixcart.com/image/612/612/xif0q/dress/x/e/9/xl-11777-honky-tonky-original-imah7jm2v6rmgpda.jpeg?q=70,78% off,Free delivery
63,,,,,
64,,,,,
65,,,,,
66,Honky Tonky,₹295,https://rukminim2.flixcart.com/image/612/612/xif0q/dress/k/1/0/xl-6084-sheetal-associates-original-imagm86ekphn94e2.jpeg?q=70,85% off,Free delivery
67,Sheetal Associates,₹293,https://rukminim2.flixcart.com/image/612/612/xif0q/dress/x/x/u/m-dr11491-sheetal-associates-original-imah3rbhh3p34gfj.jpeg?q=70,78% off,Free delivery
68,Tokyo Talkies,₹464,https://rukminim2.flixcart.com/image/612/612/xif0q/dress/h/x/c/xl-ttj6012084-tokyo-talkies-original-imah724nvffcdhgg.jpeg?q=70,76% off,Free delivery
69,Honky Tonky,₹290,https://rukminim2.flixcart.com/image/612/612/xif0q/dress/b/j/n/xxl-dr11275-sheetal-associates-original-imah2xccygcgjyvv.jpeg?q=70,78% off,Free delivery
70,ZWERLON,₹275,https://rukminim2.flixcart.com/image/612/612/xif0q/dress/u/k/v/s-1001-new-d-zwerlon-original-imah2qgw95hrshvj.jpeg?q=70,86% off,Free delivery
71,ZWERLON,₹381,https://rukminim2.flixcart.com/image/612/612/xif0q/dress/g/u/m/l-a1-zwerlon-original-imah726uqh4fg2ps.jpeg?q=70,80% off,Free delivery
72,Sheetal Associates,₹292,https://rukminim2.flixcart.com/image/612/612/xif0q/dress/c/9/7/s-11774-sheetal-associates-original-imah9m56pyhw4bk6.jpeg?q=70,78% off,Free delivery
73,AAYU,₹395,https://rukminim2.flixcart.com/image/612/612/kvpklu80/dress/r/3/4/s-aa-0119-mauve-boho-long-dress-aayu-original-imag8k648mcxpeud.jpeg?q=70,64% off,Free delivery
74,FKUBE,₹448,https://rukminim2.flixcart.com/image/612/612/l4zxn680/dress/q/6/x/xl-1205nd-nuevosdamas-original-imagfrnfbrydahhj.jpeg?q=70,77% off,Free delivery
75,Sheetal Associates,₹293,https://rukminim2.flixcart.com/image/612/612/xif0q/dress/x/e/9/xl-11777-honky-tonky-original-imah7jm2v6rmgpda.jpeg?q=70,78% off,Free delivery
76,,,,,
77,,,,,
78,,,,,
79,Honky Tonky,₹295,https://rukminim2.flixcart.com/image/612/612/xif0q/dress/k/1/0/xl-6084-sheetal-associates-original-imagm86ekphn94e2.jpeg?q=70,85% off,Free delivery
80,Sheetal Associates,₹293,https://rukminim2.flixcart.com/image/612/612/xif0q/dress/x/x/u/m-dr11491-sheetal-associates-original-imah3rbhh3p34gfj.jpeg?q=70,78% off,Free delivery
81,Tokyo Talkies,₹464,https://rukminim2.flixcart.com/image/612/612/xif0q/dress/h/x/c/xl-ttj6012084-tokyo-talkies-original-imah724nvffcdhgg.jpeg?q=70,76% off,Free delivery
82,Honky Tonky,₹290,https://rukminim2.flixcart.com/image/612/612/xif0q/dress/b/j/n/xxl-dr11275-sheetal-associates-original-imah2xccygcgjyvv.jpeg?q=70,78% off,Free delivery
83,ZWERLON,₹275,https://rukminim2.flixcart.com/image/612/612/xif0q/dress/u/k/v/s-1001-new-d-zwerlon-original-imah2qgw95hrshvj.jpeg?q=70,86% off,Free delivery
84,ZWERLON,₹381,https://rukminim2.flixcart.com/image/612/612/xif0q/dress/g/u/m/l-a1-zwerlon-original-imah726uqh4fg2ps.jpeg?q=70,80% off,Free delivery
85,Sheetal Associates,₹292,https://rukminim2.flixcart.com/image/612/612/xif0q/dress/c/9/7/s-11774-sheetal-associates-original-imah9m56pyhw4bk6.jpeg?q=70,78% off,Free delivery
86,AAYU,₹395,https://rukminim2.flixcart.com/image/612/612/kvpklu80/dress/r/3/4/s-aa-0119-mauve-boho-long-dress-aayu-original-imag8k648mcxpeud.jpeg?q=70,64% off,Free delivery
87,FKUBE,₹448,https://rukminim2.flixcart.com/image/612/612/l4zxn680/dress/q/6/x/xl-1205nd-nuevosdamas-original-imagfrnfbrydahhj.jpeg?q=70,77% off,Free delivery
88,Sheetal Associates,₹293,https://rukminim2.flixcart.com/image/612/612/xif0q/dress/x/e/9/xl-11777-honky-tonky-original-imah7jm2v6rmgpda.jpeg?q=70,78% off,Free delivery
89,,,,,
90,,,,,
91,,,,,
92,Honky Tonky,₹295,https://rukminim2.flixcart.com/image/612/612/xif0q/dress/k/1/0/xl-6084-sheetal-associates-original-imagm86ekphn94e2.jpeg?q=70,85% off,Free delivery
93,Sheetal Associates,₹293,https://rukminim2.flixcart.com/image/612/612/xif0q/dress/x/x/u/m-dr11491-sheetal-associates-original-imah3rbhh3p34gfj.jpeg?q=70,78% off,Free delivery
94,Tokyo Talkies,₹464,https://rukminim2.flixcart.com/image/612/612/xif0q/dress/h/x/c/xl-ttj6012084-tokyo-talkies-original-imah724nvffcdhgg.jpeg?q=70,76% off,Free delivery
95,Honky Tonky,₹290,https://rukminim2.flixcart.com/image/612/612/xif0q/dress/b/j/n/xxl-dr11275-sheetal-associates-original-imah2xccygcgjyvv.jpeg?q=70,78% off,Free delivery
96,ZWERLON,₹275,https://rukminim2.flixcart.com/image/612/612/xif0q/dress/u/k/v/s-1001-new-d-zwerlon-original-imah2qgw95hrshvj.jpeg?q=70,86% off,Free delivery
97,ZWERLON,₹381,https://rukminim2.flixcart.com/image/612/612/xif0q/dress/g/u/m/l-a1-zwerlon-original-imah726uqh4fg2ps.jpeg?q=70,80% off,Free delivery
98,Sheetal Associates,₹292,https://rukminim2.flixcart.com/image/612/612/xif0q/dress/c/9/7/s-11774-sheetal-associates-original-imah9m56pyhw4bk6.jpeg?q=70,78% off,Free delivery
99,AAYU,₹395,https://rukminim2.flixcart.com/image/612/612/kvpklu80/dress/r/3/4/s-aa-0119-mauve-boho-long-dress-aayu-original-imag8k648mcxpeud.jpeg?q=70,64% off,Free delivery
100,FKUBE,₹448,https://rukminim2.flixcart.com/image/612/612/l4zxn680/dress/q/6/x/xl-1205nd-nuevosdamas-original-imagfrnfbrydahhj.jpeg?q=70,77% off,Free delivery
101,Sheetal Associates,₹293,https://rukminim2.flixcart.com/image/612/612/xif0q/dress/x/e/9/xl-11777-honky-tonky-original-imah7jm2v6rmgpda.jpeg?q=70,78% off,Free delivery
102,,,,,
103,,,,,
104,,,,,
105,Honky Tonky,₹295,https://rukminim2.flixcart.com/image/612/612/xif0q/dress/k/1/0/xl-6084-sheetal-associates-original-imagm86ekphn94e2.jpeg?q=70,85% off,Free delivery
106,Sheetal Associates,₹293,https://rukminim2.flixcart.com/image/612/612/xif0q/dress/x/x/u/m-dr11491-sheetal-associates-original-imah3rbhh3p34gfj.jpeg?q=70,78% off,Free delivery
107,Tokyo Talkies,₹464,https://rukminim2.flixcart.com/image/612/612/xif0q/dress/h/x/c/xl-ttj6012084-tokyo-talkies-original-imah724nvffcdhgg.jpeg?q=70,76% off,Free delivery
108,Honky Tonky,₹290,https://rukminim2.flixcart.com/image/612/612/xif0q/dress/b/j/n/xxl-dr11275-sheetal-associates-original-imah2xccygcgjyvv.jpeg?q=70,78% off,Free delivery
109,ZWERLON,₹275,https://rukminim2.flixcart.com/image/612/612/xif0q/dress/u/k/v/s-1001-new-d-zwerlon-original-imah2qgw95hrshvj.jpeg?q=70,86% off,Free delivery
110,ZWERLON,₹381,https://rukminim2.flixcart.com/image/612/612/xif0q/dress/g/u/m/l-a1-zwerlon-original-imah726uqh4fg2ps.jpeg?q=70,80% off,Free delivery
111,Sheetal Associates,₹292,https://rukminim2.flixcart.com/image/612/612/xif0q/dress/c/9/7/s-11774-sheetal-associates-original-imah9m56pyhw4bk6.jpeg?q=70,78% off,Free delivery
112,AAYU,₹395,https://rukminim2.flixcart.com/image/612/612/kvpklu80/dress/r/3/4/s-aa-0119-mauve-boho-long-dress-aayu-original-imag8k648mcxpeud.jpeg?q=70,64% off,Free delivery
113,FKUBE,₹448,https://rukminim2.flixcart.com/image/612/612/l4zxn680/dress/q/6/x/xl-1205nd-nuevosdamas-original-imagfrnfbrydahhj.jpeg?q=70,77% off,Free delivery
114,Sheetal Associates,₹293,https://rukminim2.flixcart.com/image/612/612/xif0q/dress/x/e/9/xl-11777-honky-tonky-original-imah7jm2v6rmgpda.jpeg?q=70,78% off,Free delivery
115,,,,,
116,,,,,
117,,,,,
118,Honky Tonky,₹295,https://rukminim2.flixcart.com/image/612/612/xif0q/dress/k/1/0/xl-6084-sheetal-associates-original-imagm86ekphn94e2.jpeg?q=70,85% off,Free delivery
119,Sheetal Associates,₹293,https://rukminim2.flixcart.com/image/612/612/xif0q/dress/x/x/u/m-dr11491-sheetal-associates-original-imah3rbhh3p34gfj.jpeg?q=70,78% off,Free delivery
120,Tokyo Talkies,₹464,https://rukminim2.flixcart.com/image/612/612/xif0q/dress/h/x/c/xl-ttj6012084-tokyo-talkies-original-imah724nvffcdhgg.jpeg?q=70,76% off,Free delivery
121,Honky Tonky,₹290,https://rukminim2.flixcart.com/image/612/612/xif0q/dress/b/j/n/xxl-dr11275-sheetal-associates-original-imah2xccygcgjyvv.jpeg?q=70,78% off,Free delivery
122,ZWERLON,₹275,https://rukminim2.flixcart.com/image/612/612/xif0q/dress/u/k/v/s-1001-new-d-zwerlon-original-imah2qgw95hrshvj.jpeg?q=70,86% off,Free delivery
123,ZWERLON,₹381,https://rukminim2.flixcart.com/image/612/612/xif0q/dress/g/u/m/l-a1-zwerlon-original-imah726uqh4fg2ps.jpeg?q=70,80% off,Free delivery
124,Sheetal Associates,₹292,https://rukminim2.flixcart.com/image/612/612/xif0q/dress/c/9/7/s-11774-sheetal-associates-original-imah9m56pyhw4bk6.jpeg?q=70,78% off,Free delivery
125,AAYU,₹395,https://rukminim2.flixcart.com/image/612/612/kvpklu80/dress/r/3/4/s-aa-0119-mauve-boho-long-dress-aayu-original-imag8k648mcxpeud.jpeg?q=70,64% off,Free delivery
126,FKUBE,₹448,https://rukminim2.flixcart.com/image/612/612/l4zxn680/dress/q/6/x/xl-1205nd-nuevosdamas-original-imagfrnfbrydahhj.jpeg?q=70,77% off,Free delivery
127,Sheetal Associates,₹293,https://rukminim2.flixcart.com/image/612/612/xif0q/dress/x/e/9/xl-11777-honky-tonky-original-imah7jm2v6rmgpda.jpeg?q=70,78% off,Free delivery
128,,,,,
129,,,,,
